bill,tip,smoker,day,time,size
16.99,1.01,No,Sun,Dinner,2
10.34,1.66,No,Sun,Dinner,3
21.01,3.5,No,Sun,Dinner,3
23.68,3.31,No,Sun,Dinner,2
24.59,3.61,No,Sun,Dinner,4
25.29,4.71,No,Sun,Dinner,4
8.77,2.0,No,Sun,Dinner,2
26.88,3.12,No,Sun,Dinner,4
15.04,1.96,No,Sun,Dinner,2
14.78,3.23,No,Sun,Dinner,2
10.27,1.71,No,Sun,Dinner,2
35.26,5.0,No,Sun,Dinner,4
15.42,1.57,No,Sun,Dinner,2
18.43,3.0,No,Sun,Dinner,4
14.83,3.02,No,Sun,Dinner,2
21.58,3.92,No,Sun,Dinner,2
10.33,1.67,No,Sun,Dinner,3
16.29,3.71,No,Sun,Dinner,3
16.97,3.5,No,Sun,Dinner,3
20.65,3.35,No,Sat,Dinner,3
17.92,4.08,No,Sat,Dinner,2
20.29,2.75,No,Sat,Dinner,2
15.77,2.23,No,Sat,Dinner,2
39.42,7.58,No,Sat,Dinner,4
19.82,3.18,No,Sat,Dinner,2
17.81,2.34,No,Sat,Dinner,4
13.37,2.0,No,Sat,Dinner,2
12.69,2.0,No,Sat,Dinner,2
21.7,4.3,No,Sat,Dinner,2
19.65,3.0,No,Sat,Dinner,2
9.55,1.45,No,Sat,Dinner,2
18.35,2.5,No,Sat,Dinner,4
15.06,3.0,No,Sat,Dinner,2
20.69,2.45,No,Sat,Dinner,4
17.78,3.27,No,Sat,Dinner,2
24.06,3.6,No,Sat,Dinner,3
16.31,2.0,No,Sat,Dinner,3
16.93,3.07,No,Sat,Dinner,3
18.69,2.31,No,Sat,Dinner,3
31.27,5.0,No,Sat,Dinner,3
16.04,2.24,No,Sat,Dinner,3
17.46,2.54,No,Sun,Dinner,2
13.94,3.06,No,Sun,Dinner,2
9.68,1.32,No,Sun,Dinner,2
30.4,5.6,No,Sun,Dinner,4
18.29,3.0,No,Sun,Dinner,2
22.23,5.0,No,Sun,Dinner,2
32.4,6.0,No,Sun,Dinner,4
28.55,2.05,No,Sun,Dinner,3
18.04,3.0,No,Sun,Dinner,2
12.54,2.5,No,Sun,Dinner,2
10.29,2.6,No,Sun,Dinner,2
34.81,5.2,No,Sun,Dinner,4
9.94,1.56,No,Sun,Dinner,2
25.56,4.34,No,Sun,Dinner,4
19.49,3.51,No,Sun,Dinner,2
38.01,3.0,Yes,Sat,Dinner,4
26.41,1.5,No,Sat,Dinner,2
11.24,1.76,Yes,Sat,Dinner,2
48.27,6.73,No,Sat,Dinner,4
20.29,3.21,Yes,Sat,Dinner,2
13.81,2.0,Yes,Sat,Dinner,2
11.02,1.98,Yes,Sat,Dinner,2
18.29,3.76,Yes,Sat,Dinner,4
17.59,2.64,No,Sat,Dinner,3
20.08,3.15,No,Sat,Dinner,3
16.45,2.47,No,Sat,Dinner,2
3.07,1.0,Yes,Sat,Dinner,1
20.23,2.01,No,Sat,Dinner,2
15.01,2.09,Yes,Sat,Dinner,2
12.02,1.97,No,Sat,Dinner,2
17.07,3.0,No,Sat,Dinner,3
26.86,3.14,Yes,Sat,Dinner,2
25.28,5.0,Yes,Sat,Dinner,2
14.73,2.2,No,Sat,Dinner,2
10.51,1.25,No,Sat,Dinner,2
17.92,3.08,Yes,Sat,Dinner,2
27.2,4.0,No,Thur,Lunch,4
22.76,3.0,No,Thur,Lunch,2
17.29,2.71,No,Thur,Lunch,2
19.44,3.0,Yes,Thur,Lunch,2
16.66,3.4,No,Thur,Lunch,2
10.07,1.83,No,Thur,Lunch,1
32.68,5.0,Yes,Thur,Lunch,2
15.98,2.03,No,Thur,Lunch,2
34.83,5.17,No,Thur,Lunch,4
13.03,2.0,No,Thur,Lunch,2
18.28,4.0,No,Thur,Lunch,2
24.71,5.85,No,Thur,Lunch,2
21.16,3.0,No,Thur,Lunch,2
28.97,3.0,Yes,Fri,Dinner,2
22.49,3.5,No,Fri,Dinner,2
5.75,1.0,Yes,Fri,Dinner,2
16.32,4.3,Yes,Fri,Dinner,2
22.75,3.25,No,Fri,Dinner,2
40.17,4.73,Yes,Fri,Dinner,4
27.28,4.0,Yes,Fri,Dinner,2
12.03,1.5,Yes,Fri,Dinner,2
21.01,3.0,Yes,Fri,Dinner,2
12.46,1.5,No,Fri,Dinner,2
11.35,2.5,Yes,Fri,Dinner,2
15.38,3.0,Yes,Fri,Dinner,2
44.3,2.5,Yes,Sat,Dinner,3
22.42,3.48,Yes,Sat,Dinner,2
20.92,4.08,No,Sat,Dinner,2
15.36,1.64,Yes,Sat,Dinner,2
20.49,4.06,Yes,Sat,Dinner,2
25.21,4.29,Yes,Sat,Dinner,2
18.24,3.76,No,Sat,Dinner,2
14.31,4.0,Yes,Sat,Dinner,2
14.0,3.0,No,Sat,Dinner,2
7.25,1.0,No,Sat,Dinner,1
38.07,4.0,No,Sun,Dinner,3
23.95,2.55,No,Sun,Dinner,2
25.71,4.0,No,Sun,Dinner,3
17.31,3.5,No,Sun,Dinner,2
29.93,5.07,No,Sun,Dinner,4
10.65,1.5,No,Thur,Lunch,2
12.43,1.8,No,Thur,Lunch,2
24.08,2.92,No,Thur,Lunch,4
11.69,2.31,No,Thur,Lunch,2
13.42,1.68,No,Thur,Lunch,2
14.26,2.5,No,Thur,Lunch,2
15.95,2.0,No,Thur,Lunch,2
12.48,2.52,No,Thur,Lunch,2
29.8,4.2,No,Thur,Lunch,6
8.52,1.48,No,Thur,Lunch,2
14.52,2.0,No,Thur,Lunch,2
11.38,2.0,No,Thur,Lunch,2
22.82,2.18,No,Thur,Lunch,3
19.08,1.5,No,Thur,Lunch,2
20.27,2.83,No,Thur,Lunch,2
11.17,1.5,No,Thur,Lunch,2
12.26,2.0,No,Thur,Lunch,2
18.26,3.25,No,Thur,Lunch,2
8.51,1.25,No,Thur,Lunch,2
10.33,2.0,No,Thur,Lunch,2
14.15,2.0,No,Thur,Lunch,2
16.0,2.0,Yes,Thur,Lunch,2
13.16,2.75,No,Thur,Lunch,2
17.47,3.5,No,Thur,Lunch,2
34.3,6.7,No,Thur,Lunch,6
41.19,5.0,No,Thur,Lunch,5
27.05,5.0,No,Thur,Lunch,6
16.43,2.3,No,Thur,Lunch,2
8.35,1.5,No,Thur,Lunch,2
18.64,1.36,No,Thur,Lunch,3
11.87,1.63,No,Thur,Lunch,2
9.78,1.73,No,Thur,Lunch,2
7.51,2.0,No,Thur,Lunch,2
14.07,2.5,No,Sun,Dinner,2
13.13,2.0,No,Sun,Dinner,2
17.26,2.74,No,Sun,Dinner,3
24.55,2.0,No,Sun,Dinner,4
19.77,2.0,No,Sun,Dinner,4
29.85,5.14,No,Sun,Dinner,5
48.17,5.0,No,Sun,Dinner,6
25.0,3.75,No,Sun,Dinner,4
13.39,2.61,No,Sun,Dinner,2
16.49,2.0,No,Sun,Dinner,4
21.5,3.5,No,Sun,Dinner,4
12.66,2.5,No,Sun,Dinner,2
16.21,2.0,No,Sun,Dinner,3
13.81,2.0,No,Sun,Dinner,2
17.51,3.0,Yes,Sun,Dinner,2
24.52,3.48,No,Sun,Dinner,3
20.76,2.24,No,Sun,Dinner,2
31.71,4.5,No,Sun,Dinner,4
10.59,1.61,Yes,Sat,Dinner,2
10.63,2.0,Yes,Sat,Dinner,2
50.81,10.0,Yes,Sat,Dinner,3
15.81,3.16,Yes,Sat,Dinner,2
7.25,5.15,Yes,Sun,Dinner,2
31.85,3.18,Yes,Sun,Dinner,2
16.82,4.0,Yes,Sun,Dinner,2
32.9,3.11,Yes,Sun,Dinner,2
17.89,2.0,Yes,Sun,Dinner,2
14.48,2.0,Yes,Sun,Dinner,2
9.6,4.0,Yes,Sun,Dinner,2
34.63,3.55,Yes,Sun,Dinner,2
34.65,3.68,Yes,Sun,Dinner,4
23.33,5.65,Yes,Sun,Dinner,2
45.35,3.5,Yes,Sun,Dinner,3
23.17,6.5,Yes,Sun,Dinner,4
40.55,3.0,Yes,Sun,Dinner,2
20.69,5.0,No,Sun,Dinner,5
20.9,3.5,Yes,Sun,Dinner,3
30.46,2.0,Yes,Sun,Dinner,5
18.15,3.5,Yes,Sun,Dinner,3
23.1,4.0,Yes,Sun,Dinner,3
15.69,1.5,Yes,Sun,Dinner,2
19.81,4.19,Yes,Thur,Lunch,2
28.44,2.56,Yes,Thur,Lunch,2
15.48,2.02,Yes,Thur,Lunch,2
16.58,4.0,Yes,Thur,Lunch,2
7.56,1.44,No,Thur,Lunch,2
10.34,2.0,Yes,Thur,Lunch,2
43.11,5.0,Yes,Thur,Lunch,4
13.0,2.0,Yes,Thur,Lunch,2
13.51,2.0,Yes,Thur,Lunch,2
18.71,4.0,Yes,Thur,Lunch,3
12.74,2.01,Yes,Thur,Lunch,2
13.0,2.0,Yes,Thur,Lunch,2
16.4,2.5,Yes,Thur,Lunch,2
20.53,4.0,Yes,Thur,Lunch,4
16.47,3.23,Yes,Thur,Lunch,3
26.59,3.41,Yes,Sat,Dinner,3
38.73,3.0,Yes,Sat,Dinner,4
24.27,2.03,Yes,Sat,Dinner,2
12.76,2.23,Yes,Sat,Dinner,2
30.06,2.0,Yes,Sat,Dinner,3
25.89,5.16,Yes,Sat,Dinner,4
48.33,9.0,No,Sat,Dinner,4
13.27,2.5,Yes,Sat,Dinner,2
28.17,6.5,Yes,Sat,Dinner,3
12.9,1.1,Yes,Sat,Dinner,2
28.15,3.0,Yes,Sat,Dinner,5
11.59,1.5,Yes,Sat,Dinner,2
7.74,1.44,Yes,Sat,Dinner,2
30.14,3.09,Yes,Sat,Dinner,4
12.16,2.2,Yes,Fri,Lunch,2
13.42,3.48,Yes,Fri,Lunch,2
8.58,1.92,Yes,Fri,Lunch,1
15.98,3.0,No,Fri,Lunch,3
13.42,1.58,Yes,Fri,Lunch,2
16.27,2.5,Yes,Fri,Lunch,2
10.09,2.0,Yes,Fri,Lunch,2
20.45,3.0,No,Sat,Dinner,4
13.28,2.72,No,Sat,Dinner,2
22.12,2.88,Yes,Sat,Dinner,2
24.01,2.0,Yes,Sat,Dinner,4
15.69,3.0,Yes,Sat,Dinner,3
11.61,3.39,No,Sat,Dinner,2
10.77,1.47,No,Sat,Dinner,2
15.53,3.0,Yes,Sat,Dinner,2
10.07,1.25,No,Sat,Dinner,2
12.6,1.0,Yes,Sat,Dinner,2
32.83,1.17,Yes,Sat,Dinner,2
35.83,4.67,No,Sat,Dinner,3
29.03,5.92,No,Sat,Dinner,3
27.18,2.0,Yes,Sat,Dinner,2
22.67,2.0,Yes,Sat,Dinner,2
17.82,1.75,No,Sat,Dinner,2
18.78,3.0,No,Thur,Dinner,2
12.44,50.0,Yes,,Dinner,4
15.03,2.35,No,Sat,Dinner,6
65.68,9.25,Yes,Sat,Dinner,3
46.59,9.11,Yes,Sun,Dinner,3
61.71,1.13,No,Sun,Lunch,1
34.89,12.04,Yes,Sat,Lunch,3
69.58,7.94,No,Mon,Dinner,8
43.5,8.32,No,Sun,Dinner,8
37.12,9.44,Yes,Sat,Lunch,6
40.55,8.73,Yes,Sat,Lunch,4
65.89,13.94,Yes,Mon,Dinner,8
40.4,10.82,No,Fri,Lunch,9
66.69,2.63,Yes,Sat,Dinner,3
48.03,3.01,No,Thu,Lunch,2
16.33,13.93,Yes,Sat,Dinner,8
36.14,1.92,No,Sun,Dinner,6
68.36,9.34,No,Wed,Dinner,6
54.26,3.43,Yes,Sun,Lunch,8
68.09,9.12,Yes,Sat,Dinner,3
18.32,6.87,Yes,Sun,Lunch,8
46.74,11.65,Yes,Sat,Lunch,1
24.32,8.24,No,Sat,Dinner,2
5.16,8.84,Yes,Sun,Lunch,8
29.04,8.56,No,Wed,Dinner,8
60.74,4.08,Yes,Thu,Lunch,4
47.88,6.07,Yes,Sun,Lunch,1
53.49,6.55,Yes,Sat,Lunch,9
32.54,12.42,No,Mon,Dinner,4
23.12,8.44,Yes,Sun,Lunch,6
4.44,6.95,No,Sat,Dinner,9
12.64,5.08,No,Tue,Lunch,3
39.57,4.87,Yes,Fri,Dinner,9
69.06,3.73,No,Sun,Lunch,2
68.28,4.48,No,Sun,Dinner,1
27.54,7.78,Yes,Sat,Lunch,8
68.97,9.43,No,Sat,Dinner,4
19.81,9.77,Yes,Sun,Lunch,6
40.9,6.76,Yes,Tue,Lunch,3
9.16,3.01,Yes,Sat,Lunch,4
11.98,12.34,Yes,Sat,Lunch,2
60.42,11.42,Yes,Thu,Lunch,8
37.33,5.66,Yes,Wed,Dinner,3
65.67,12.61,No,Sat,Lunch,2
59.45,7.49,No,Sat,Dinner,8
9.3,8.36,No,Fri,Lunch,4
22.03,6.19,Yes,Thu,Lunch,4
41.83,1.71,No,Sun,Lunch,8
37.88,3.44,Yes,Thu,Dinner,5
45.28,2.13,Yes,Sat,Dinner,9
21.44,9.57,No,Thu,Dinner,7
69.56,5.11,Yes,Sun,Lunch,3
63.99,10.68,No,Sat,Lunch,1
33.03,1.25,Yes,Sat,Lunch,9
51.88,3.59,No,Sat,Lunch,9
8.42,13.34,No,Sun,Lunch,6
55.87,5.49,Yes,Sat,Lunch,9
60.05,10.64,Yes,Sun,Dinner,6
4.63,13.23,Yes,Thu,Lunch,5
6.56,1.48,No,Sat,Dinner,6
64.21,6.08,No,Sat,Dinner,9
28.77,1.52,Yes,Tue,Dinner,9
53.82,7.31,No,Tue,Dinner,4
11.45,9.17,Yes,Sun,Lunch,9
24.0,7.52,Yes,Sat,Lunch,5
24.54,7.61,No,Sun,Dinner,9
67.5,7.56,No,Sun,Lunch,8
7.21,9.81,Yes,Thu,Lunch,6
30.11,10.48,No,Tue,Lunch,5
40.26,5.08,Yes,Sat,Dinner,6
12.57,1.44,No,Tue,Dinner,3
67.1,4.74,Yes,Tue,Lunch,7
57.92,8.08,Yes,Sun,Lunch,7
17.38,11.48,No,Thu,Dinner,1
34.41,5.94,Yes,Sat,Dinner,9
14.44,13.9,Yes,Sun,Dinner,4
17.78,7.18,Yes,Sun,Lunch,9
36.69,10.13,Yes,Tue,Lunch,7
59.54,1.12,No,Tue,Dinner,2
25.47,0.98,No,Sat,Dinner,5
53.02,3.0,No,Sat,Dinner,4
9.99,4.49,No,Sat,Dinner,7
16.73,7.64,No,Wed,Lunch,9
50.98,7.31,Yes,Thu,Dinner,6
21.41,5.67,Yes,Sun,Dinner,6
62.18,2.56,Yes,Sun,Lunch,8
18.71,1.08,No,Sun,Dinner,1
54.9,8.39,Yes,Sun,Dinner,2
7.47,8.02,Yes,Mon,Lunch,6
14.64,3.0,Yes,Fri,Lunch,7
55.36,2.66,No,Mon,Dinner,2
58.67,13.51,No,Mon,Lunch,7
36.11,11.62,Yes,Fri,Dinner,1
17.83,6.39,Yes,Sun,Lunch,9
42.14,8.66,No,Sun,Lunch,9
25.7,10.68,Yes,Sun,Lunch,6
65.78,2.0,Yes,Sun,Dinner,1
52.58,1.62,Yes,Tue,Dinner,2
27.3,7.64,Yes,Thu,Dinner,4
31.22,9.72,No,Wed,Lunch,9
39.22,9.24,Yes,Sun,Dinner,2
17.52,10.67,No,Thu,Dinner,3
35.79,12.92,Yes,Sat,Dinner,8
13.48,4.31,No,Tue,Lunch,1
54.81,11.48,Yes,Thu,Dinner,6
14.6,6.52,No,Sat,Lunch,1
35.92,13.14,Yes,Wed,Dinner,9
6.67,11.57,Yes,Thu,Dinner,4
22.65,8.44,No,Sat,Lunch,4
29.01,9.11,No,Fri,Dinner,2
20.63,2.54,Yes,Sat,Dinner,3
15.42,6.92,No,Tue,Lunch,8
12.62,3.64,Yes,Mon,Dinner,2
57.15,13.45,No,Wed,Lunch,5
27.08,8.96,Yes,Sat,Dinner,9
62.35,1.99,No,Tue,Dinner,6
41.37,9.01,No,Sun,Lunch,2
62.0,13.58,Yes,Thu,Dinner,8
59.3,4.63,Yes,Mon,Lunch,6
38.12,13.84,Yes,Sat,Dinner,9
9.1,7.03,No,Sat,Lunch,3
54.87,5.63,Yes,Sat,Dinner,9
36.42,11.14,Yes,Wed,Lunch,7
47.31,5.17,No,Sat,Lunch,7
9.57,9.11,No,Sun,Lunch,5
47.83,8.36,Yes,Thu,Dinner,1
35.77,11.38,Yes,Sun,Lunch,8
52.43,13.69,No,Thu,Lunch,4
13.83,5.41,No,Wed,Lunch,2
30.15,11.65,Yes,Thu,Lunch,9
20.6,13.44,Yes,Mon,Dinner,2
60.54,1.96,No,Sat,Dinner,6
36.87,9.86,No,Sun,Lunch,8
40.1,13.98,No,Sun,Lunch,5
15.36,3.09,Yes,Mon,Dinner,4
67.05,11.57,Yes,Wed,Dinner,3
30.28,1.19,Yes,Fri,Lunch,9
32.15,9.68,Yes,Sun,Dinner,5
67.3,10.44,No,Sat,Lunch,2
10.17,5.71,Yes,Sat,Lunch,3
62.66,4.63,Yes,Sun,Dinner,3
25.28,11.24,No,Sun,Dinner,9
23.79,4.8,Yes,Sat,Dinner,8
23.83,10.12,Yes,Sun,Dinner,4
17.51,0.82,Yes,Sun,Lunch,7
54.13,5.49,Yes,Fri,Dinner,2
64.98,2.84,No,Mon,Dinner,2
55.93,11.0,Yes,Sat,Lunch,7
35.67,11.44,Yes,Wed,Lunch,2
3.68,12.53,Yes,Sun,Lunch,3
68.89,6.99,Yes,Sun,Lunch,5
51.31,9.47,No,Sun,Lunch,6
47.5,11.62,Yes,Wed,Lunch,4
37.1,11.51,No,Sun,Lunch,2
8.36,9.01,No,Sat,Lunch,4
6.26,5.62,Yes,Mon,Dinner,9
47.07,11.23,No,Sat,Lunch,5
60.07,4.03,No,Sat,Dinner,7
32.22,8.82,Yes,Sat,Dinner,2
45.29,9.65,No,Sun,Lunch,9
58.68,13.25,No,Sun,Dinner,7
41.67,7.71,No,Wed,Dinner,8
49.65,7.57,No,Thu,Lunch,4
63.62,9.16,Yes,Tue,Lunch,6
12.16,6.6,No,Sun,Lunch,8
67.65,1.55,No,Sun,Lunch,6
51.3,9.07,Yes,Sat,Lunch,9
67.43,12.48,No,Fri,Lunch,5
4.5,10.24,No,Thu,Lunch,1
13.53,10.13,Yes,Sun,Dinner,6
14.08,3.59,No,Mon,Dinner,3
49.04,10.66,No,Sat,Dinner,1
22.94,7.69,Yes,Sun,Lunch,6
23.11,9.69,Yes,Sun,Dinner,3
45.0,8.23,No,Fri,Dinner,4
63.88,9.13,No,Sat,Dinner,4
35.35,2.5,No,Thu,Dinner,6
13.65,5.92,Yes,Thu,Dinner,6
13.09,3.38,Yes,Sat,Lunch,9
31.62,1.21,No,Wed,Dinner,4
3.96,8.98,Yes,Fri,Dinner,1
68.27,6.57,Yes,Mon,Dinner,5
13.03,1.64,No,Sun,Dinner,5
63.38,11.97,No,Sat,Dinner,7
25.44,4.42,Yes,Sun,Dinner,6
65.72,11.03,Yes,Thu,Lunch,8
15.35,2.47,No,Sat,Dinner,9
9.28,11.31,No,Sat,Lunch,5
67.0,7.87,Yes,Sat,Dinner,1
58.91,4.31,No,Sat,Lunch,2
52.36,9.52,No,Sun,Lunch,6
7.08,4.66,Yes,Fri,Lunch,3
15.95,8.21,Yes,Sun,Dinner,4
18.74,11.84,Yes,Sun,Lunch,5
20.94,7.83,No,Mon,Dinner,5
43.82,8.1,Yes,Fri,Lunch,9
14.93,10.6,Yes,Sat,Dinner,8
68.7,6.93,No,Sun,Lunch,3
53.99,8.74,Yes,Sun,Lunch,4
8.1,6.36,No,Thu,Lunch,4
41.77,13.22,Yes,Sun,Lunch,1
51.29,13.78,Yes,Sun,Lunch,3
5.49,12.04,No,Wed,Dinner,2
30.73,1.17,Yes,Wed,Lunch,6
63.59,12.84,Yes,Thu,Dinner,9
13.63,3.91,Yes,Fri,Dinner,9
35.26,10.65,No,Tue,Dinner,5
36.67,8.05,Yes,Sun,Dinner,1
49.74,3.93,Yes,Sat,Dinner,4
27.87,12.72,Yes,Thu,Dinner,1
19.15,5.26,Yes,Mon,Dinner,8
55.6,1.67,Yes,Fri,Lunch,4
59.47,7.8,No,Mon,Lunch,4
14.49,4.19,No,Mon,Lunch,2
25.77,13.47,Yes,Sun,Lunch,3
61.1,5.87,Yes,Sat,Lunch,4
63.74,1.59,Yes,Sat,Lunch,7
58.66,2.48,Yes,Thu,Dinner,4
58.8,12.23,Yes,Mon,Dinner,2
27.65,13.46,Yes,Sat,Dinner,9
64.78,9.99,No,Tue,Lunch,6
20.89,9.88,Yes,Tue,Lunch,6
29.66,3.3,Yes,Sun,Lunch,6
11.3,3.42,Yes,Thu,Lunch,9
20.58,1.8,No,Wed,Lunch,3
61.98,13.85,No,Tue,Dinner,2
51.19,2.79,No,Sat,Lunch,1
58.42,3.19,No,Sun,Lunch,9
50.86,1.86,No,Wed,Lunch,1
24.69,8.19,No,Thu,Lunch,2
31.89,8.38,No,Sun,Dinner,8
47.38,3.61,No,Sun,Dinner,2
68.93,7.81,Yes,Sat,Dinner,9
15.3,7.96,No,Sun,Lunch,5
44.87,3.4,No,Sat,Lunch,6
4.78,6.36,No,Sat,Dinner,3
21.48,11.26,Yes,Mon,Dinner,1
9.45,2.05,Yes,Sat,Dinner,6
5.92,9.44,Yes,Sat,Lunch,9
15.54,3.47,No,Wed,Lunch,7
18.42,9.25,No,Sat,Dinner,8
51.36,8.56,No,Sun,Dinner,5
28.73,13.31,No,Sun,Lunch,5
50.71,9.31,Yes,Sat,Lunch,5
33.77,5.91,Yes,Sat,Lunch,4
33.1,5.45,Yes,Mon,Dinner,1
52.74,13.21,No,Mon,Lunch,9
41.96,9.43,Yes,Sat,Dinner,4
40.28,7.91,No,Sat,Lunch,8
38.07,12.52,No,Sun,Dinner,5
55.49,1.54,No,Sun,Lunch,9
19.01,9.56,No,Sun,Dinner,2
65.2,12.61,No,Sun,Lunch,4
66.08,8.74,Yes,Fri,Lunch,4
31.7,4.63,Yes,Tue,Dinner,6
44.19,2.74,No,Fri,Lunch,4
43.89,5.75,No,Sat,Dinner,8
18.01,12.1,Yes,Sun,Dinner,8
65.5,6.83,Yes,Tue,Dinner,2
5.94,5.54,No,Sat,Dinner,6
11.4,7.13,No,Sun,Lunch,3
67.82,12.28,Yes,Tue,Lunch,3
67.43,8.7,Yes,Mon,Lunch,3
66.59,12.11,Yes,Sun,Lunch,3
61.56,10.83,Yes,Sun,Dinner,9
21.47,7.3,Yes,Sun,Dinner,9
65.3,11.0,No,Tue,Lunch,5
38.56,13.77,Yes,Fri,Lunch,3
14.92,9.9,Yes,Fri,Lunch,7
51.57,10.56,No,Sun,Lunch,9
46.14,12.0,No,Sat,Dinner,9
52.96,4.3,No,Sat,Dinner,8
27.97,4.07,Yes,Sun,Lunch,7
9.65,11.59,Yes,Tue,Dinner,1
9.44,13.1,No,Sun,Dinner,2
47.07,12.04,No,Wed,Dinner,8
38.5,2.2,Yes,Sun,Lunch,6
65.1,11.8,No,Sun,Lunch,1
23.83,4.36,No,Sat,Dinner,6
45.03,4.84,Yes,Sat,Lunch,4
13.0,5.45,No,Wed,Dinner,9
9.37,12.65,Yes,Tue,Lunch,4
65.37,13.62,Yes,Sat,Dinner,2
59.61,2.22,No,Tue,Lunch,1
38.63,13.37,Yes,Sat,Lunch,4
63.49,6.53,No,Sat,Dinner,3
22.13,9.71,No,Tue,Lunch,2
30.95,6.69,Yes,Fri,Dinner,7
54.78,13.63,Yes,Mon,Dinner,7
17.66,1.24,No,Wed,Dinner,4
28.39,10.15,Yes,Sun,Lunch,2
39.65,4.48,Yes,Fri,Dinner,9
31.35,5.65,Yes,Sat,Dinner,1
54.63,11.44,No,Tue,Dinner,3
10.33,9.79,Yes,Sat,Lunch,7
38.96,8.83,Yes,Fri,Lunch,7
51.76,1.96,No,Sun,Dinner,7
54.67,5.98,No,Sun,Dinner,4
58.3,10.15,Yes,Sun,Lunch,4
32.5,13.99,Yes,Wed,Dinner,7
8.6,9.64,Yes,Thu,Dinner,1
33.7,12.07,No,Sat,Lunch,9
27.69,8.13,No,Fri,Lunch,2
19.55,11.84,No,Mon,Lunch,1
39.59,12.13,No,Sun,Dinner,5
61.32,9.59,No,Sun,Dinner,5
61.67,8.69,Yes,Sun,Dinner,9
3.23,10.27,Yes,Tue,Dinner,8
24.4,1.68,Yes,Sat,Dinner,8
3.74,10.45,No,Sun,Lunch,3
42.32,10.23,No,Sat,Lunch,7
46.62,11.2,Yes,Sun,Dinner,7
33.83,7.83,No,Sat,Dinner,5
28.77,12.79,Yes,Sun,Lunch,1
55.44,6.25,No,Sat,Dinner,7
52.72,13.58,Yes,Tue,Lunch,2
68.22,10.29,Yes,Sat,Dinner,7
19.46,4.79,No,Sat,Lunch,9
38.47,9.69,Yes,Sun,Dinner,4
31.34,1.58,No,Sun,Dinner,3
23.46,9.48,No,Tue,Dinner,9
25.97,9.66,Yes,Mon,Lunch,2
11.69,7.65,No,Sun,Dinner,3
47.75,12.04,No,Mon,Dinner,5
21.63,1.74,No,Sun,Lunch,7
48.96,10.43,No,Fri,Dinner,5
13.29,6.12,No,Sun,Lunch,5
10.91,9.0,No,Sun,Lunch,3
8.92,1.83,No,Mon,Dinner,2
31.43,6.54,No,Wed,Lunch,4
7.98,3.91,Yes,Sun,Lunch,4
64.46,11.68,Yes,Tue,Dinner,5
35.67,2.89,Yes,Mon,Lunch,2
63.32,7.82,Yes,Tue,Dinner,3
41.14,4.01,Yes,Sat,Dinner,7
21.97,13.52,No,Sat,Lunch,4
29.31,12.3,No,Sat,Lunch,8
50.62,13.35,Yes,Sun,Dinner,6
40.65,6.67,No,Sat,Lunch,4
5.44,6.54,Yes,Sat,Dinner,5
25.95,7.77,Yes,Sat,Lunch,9
35.2,2.09,No,Sun,Lunch,5
59.85,7.38,Yes,Tue,Dinner,8
28.68,2.0,Yes,Sun,Lunch,1
37.69,5.21,Yes,Sat,Dinner,7
10.18,3.28,No,Sun,Dinner,9
27.44,1.62,Yes,Sat,Lunch,9
66.85,7.9,No,Fri,Lunch,9
6.01,5.64,Yes,Sun,Dinner,7
68.83,1.34,Yes,Sat,Lunch,6
19.68,11.95,No,Sun,Dinner,1
59.53,3.33,No,Sun,Dinner,3
23.01,1.35,Yes,Sat,Lunch,4
4.87,2.2,No,Fri,Lunch,5
58.45,10.59,Yes,Fri,Lunch,8
60.91,2.35,Yes,Tue,Lunch,2
50.53,6.44,No,Wed,Dinner,1
14.65,9.91,Yes,Fri,Lunch,1
66.34,10.98,No,Sat,Lunch,9
30.76,13.76,Yes,Sat,Lunch,7
46.68,5.45,No,Sun,Lunch,5
52.38,13.54,No,Sun,Dinner,7
51.3,12.18,No,Thu,Lunch,6
57.98,12.77,No,Sun,Lunch,9
4.57,11.44,No,Wed,Lunch,9
32.12,11.69,Yes,Sun,Dinner,2
16.58,2.65,No,Sun,Dinner,7
56.54,5.07,No,Sun,Lunch,5
55.72,13.72,Yes,Sat,Dinner,7
9.39,5.28,Yes,Sun,Dinner,6
46.93,10.84,No,Sun,Dinner,7
14.68,9.95,Yes,Sat,Dinner,9
21.25,8.65,Yes,Thu,Lunch,6
51.92,3.37,Yes,Mon,Lunch,7
16.87,12.95,Yes,Wed,Lunch,5
30.31,9.75,No,Tue,Dinner,6
30.24,9.97,No,Fri,Dinner,3
10.75,7.51,Yes,Sun,Lunch,9
9.86,10.31,No,Sun,Lunch,4
37.9,5.38,No,Thu,Dinner,5
25.36,2.35,No,Sat,Lunch,3
18.22,8.3,No,Sun,Lunch,1
68.96,11.64,Yes,Sun,Dinner,8
59.2,12.13,No,Sat,Lunch,1
59.09,10.47,No,Sat,Dinner,8
47.77,1.8,No,Mon,Dinner,4
48.36,0.96,Yes,Sun,Dinner,5
39.26,7.05,Yes,Sun,Dinner,7
42.88,4.97,No,Tue,Lunch,8
24.61,7.29,No,Mon,Dinner,7
25.32,5.11,Yes,Sun,Dinner,9
53.39,4.74,No,Sun,Lunch,8
45.37,6.91,No,Thu,Lunch,8
40.98,5.37,Yes,Sat,Lunch,6
30.31,2.18,No,Sat,Dinner,9
8.76,3.99,No,Sat,Lunch,1
33.52,13.97,Yes,Sun,Dinner,7
21.69,11.1,No,Sat,Lunch,7
12.98,2.7,No,Fri,Dinner,6
66.82,2.44,No,Wed,Dinner,5
4.59,11.89,No,Sat,Dinner,6
36.9,6.59,No,Sat,Dinner,7
58.19,3.76,Yes,Mon,Lunch,3
16.2,13.15,Yes,Mon,Dinner,9
17.68,8.47,Yes,Tue,Lunch,9
20.84,11.52,No,Sun,Dinner,5
8.48,9.27,Yes,Thu,Dinner,9
48.17,4.08,No,Thu,Lunch,9
11.87,5.97,Yes,Mon,Dinner,1
19.26,8.71,Yes,Sun,Lunch,2
9.44,12.37,Yes,Mon,Lunch,8
47.1,2.35,Yes,Sat,Dinner,8
4.58,9.92,No,Sun,Dinner,6
16.17,7.69,No,Sat,Dinner,4
44.97,6.52,No,Sun,Dinner,1
56.57,8.3,No,Sat,Dinner,7
4.26,1.62,No,Sat,Dinner,1
59.16,11.28,Yes,Sun,Lunch,9
13.4,1.94,Yes,Sun,Lunch,5
35.99,12.69,No,Sun,Dinner,1
38.09,6.25,Yes,Thu,Lunch,3
64.36,5.8,No,Fri,Lunch,6
19.39,5.56,Yes,Sun,Dinner,4
64.42,12.13,Yes,Sat,Lunch,6
47.79,3.55,No,Mon,Dinner,2
32.27,1.83,No,Sun,Dinner,1
31.56,5.84,Yes,Sun,Lunch,6
32.83,3.43,Yes,Mon,Dinner,5
67.53,3.18,No,Sun,Lunch,1
23.94,4.23,No,Sat,Lunch,9
18.54,13.93,No,Mon,Dinner,9
60.18,1.29,No,Sat,Dinner,1
20.94,2.37,Yes,Mon,Lunch,6
65.86,4.15,Yes,Tue,Lunch,3
11.01,13.92,No,Sun,Dinner,1
65.27,9.33,Yes,Mon,Dinner,4
35.46,13.09,No,Wed,Dinner,2
66.9,8.21,No,Sun,Lunch,2
27.8,7.18,Yes,Fri,Dinner,6
17.84,10.41,No,Sat,Lunch,8
12.84,11.84,No,Sun,Dinner,6
54.02,11.46,Yes,Sun,Lunch,1
33.41,11.68,Yes,Sat,Lunch,8
20.8,10.85,No,Thu,Dinner,6
65.09,10.42,No,Sat,Lunch,9
49.45,13.93,No,Sat,Lunch,4
7.17,1.36,Yes,Wed,Dinner,5
12.56,3.63,Yes,Sat,Lunch,8
29.86,13.89,No,Fri,Dinner,8
57.29,8.42,No,Sun,Lunch,4
30.25,3.03,No,Sat,Dinner,2
5.06,4.25,Yes,Wed,Dinner,1
44.65,9.23,Yes,Sun,Lunch,4
62.51,9.8,No,Wed,Dinner,9
58.12,9.23,Yes,Sat,Dinner,3
67.5,7.66,Yes,Sat,Lunch,5
39.77,4.52,Yes,Sat,Lunch,3
43.38,13.81,Yes,Sun,Lunch,9
60.9,8.39,No,Thu,Dinner,2
30.83,6.96,Yes,Sun,Lunch,3
25.59,8.39,No,Sat,Lunch,8
42.64,12.26,Yes,Sun,Dinner,8
50.56,1.72,No,Tue,Dinner,4
4.01,3.16,No,Tue,Lunch,9
12.18,11.02,Yes,Sun,Dinner,3
41.19,3.64,Yes,Wed,Lunch,1
21.67,9.29,No,Mon,Lunch,8
19.01,1.13,No,Sat,Dinner,2
23.39,9.09,No,Sat,Dinner,5
44.81,10.41,Yes,Sun,Dinner,2
53.02,8.69,No,Sat,Lunch,3
26.05,11.69,Yes,Sun,Dinner,8
33.47,10.17,Yes,Sat,Lunch,7
68.53,3.97,No,Wed,Dinner,2
70.18,2.07,No,Fri,Lunch,9
64.09,12.26,Yes,Mon,Dinner,6
45.22,5.37,Yes,Sat,Dinner,7
44.03,2.03,Yes,Sat,Lunch,6
45.76,12.71,Yes,Mon,Dinner,9
46.82,3.89,No,Sun,Dinner,1
46.61,10.79,No,Mon,Lunch,7
3.65,13.93,Yes,Sun,Lunch,7
59.16,3.29,No,Sun,Lunch,2
56.42,6.49,No,Sat,Lunch,5
39.05,8.95,Yes,Sun,Lunch,2
50.87,6.64,No,Sat,Lunch,6
46.35,6.59,Yes,Tue,Lunch,2
41.69,2.59,No,Sat,Dinner,6
44.54,3.11,Yes,Sat,Lunch,2
56.42,6.16,Yes,Wed,Dinner,2
17.46,6.53,Yes,Sun,Lunch,3
39.9,3.63,Yes,Sun,Dinner,5
3.75,11.68,Yes,Sun,Lunch,6
60.45,11.38,No,Fri,Dinner,1
43.23,12.67,Yes,Sun,Lunch,5
28.45,10.09,No,Sun,Dinner,1
44.64,3.61,No,Wed,Lunch,1
52.34,5.04,No,Thu,Lunch,9
57.46,9.65,No,Sat,Lunch,3
65.46,11.19,No,Wed,Lunch,2
10.75,7.5,Yes,Sat,Lunch,8
67.51,1.59,No,Sun,Dinner,8
56.53,11.39,Yes,Thu,Lunch,7
50.97,6.23,Yes,Mon,Lunch,8
6.79,4.17,Yes,Sun,Dinner,2
23.2,11.97,No,Sat,Lunch,4
19.16,5.97,Yes,Tue,Dinner,3
49.07,6.29,Yes,Sat,Lunch,2
18.9,9.21,No,Sun,Dinner,5
62.9,11.38,Yes,Thu,Lunch,7
50.42,2.75,Yes,Fri,Lunch,5
64.67,3.62,No,Sun,Dinner,9
37.9,12.35,Yes,Sun,Dinner,4
16.84,6.89,No,Sun,Dinner,3
12.52,13.84,Yes,Tue,Lunch,4
34.0,4.9,Yes,Tue,Dinner,5
6.03,1.79,Yes,Sat,Lunch,4
49.41,5.82,Yes,Sat,Lunch,7
37.69,13.36,No,Wed,Lunch,4
33.74,6.67,Yes,Mon,Dinner,6
12.6,5.59,Yes,Tue,Lunch,9
69.95,1.84,No,Sun,Lunch,6
61.63,12.22,Yes,Sat,Lunch,7
30.48,13.25,Yes,Sun,Lunch,6
53.11,11.53,No,Sat,Lunch,9
46.59,6.27,Yes,Sun,Lunch,5
33.73,3.5,Yes,Mon,Dinner,4
35.3,9.6,No,Wed,Lunch,2
35.1,2.98,Yes,Sun,Lunch,5
40.74,1.16,No,Sun,Dinner,7
65.03,5.16,Yes,Sun,Lunch,1
30.54,2.73,No,Thu,Dinner,2
10.32,1.83,Yes,Fri,Lunch,5
65.66,13.0,No,Fri,Lunch,7
18.75,5.3,Yes,Sat,Lunch,8
28.27,8.08,Yes,Tue,Dinner,2
69.53,13.86,Yes,Tue,Lunch,3
48.13,11.38,No,Mon,Dinner,8
6.64,4.62,Yes,Sun,Dinner,1
28.54,11.81,No,Fri,Dinner,8
63.56,7.09,No,Wed,Dinner,6
3.8,2.18,No,Sat,Lunch,8
4.36,6.21,No,Sat,Lunch,2
41.45,7.69,No,Sat,Lunch,7
21.17,13.78,No,Sun,Dinner,4
6.53,4.6,No,Sat,Dinner,9
23.58,1.73,No,Sat,Dinner,2
54.81,9.19,No,Thu,Lunch,2
30.08,1.27,No,Thu,Dinner,9
3.16,9.28,Yes,Fri,Lunch,1
25.46,1.92,No,Sat,Lunch,1
32.38,2.54,Yes,Sat,Dinner,7
51.65,9.65,Yes,Fri,Lunch,7
36.56,2.87,No,Sun,Dinner,6
3.95,8.4,No,Sun,Lunch,5
40.77,13.42,Yes,Fri,Dinner,2
32.53,10.48,No,Sat,Lunch,3
40.57,8.59,No,Sat,Dinner,1
63.42,10.07,Yes,Mon,Dinner,8
12.7,11.75,Yes,Sun,Dinner,2
60.46,13.32,Yes,Sat,Dinner,6
12.96,13.72,No,Mon,Lunch,3
33.02,3.03,No,Sat,Lunch,3
27.25,5.89,No,Sun,Lunch,2
45.46,7.07,Yes,Sat,Lunch,3
54.28,13.03,Yes,Fri,Lunch,7
42.71,8.99,No,Sun,Lunch,5
6.55,6.8,No,Sat,Lunch,8
52.46,13.29,Yes,Mon,Lunch,2
28.32,9.25,No,Tue,Lunch,9
48.23,12.73,Yes,Sun,Dinner,1
28.2,8.38,No,Mon,Lunch,7
48.6,12.43,No,Sat,Dinner,4
35.63,12.84,No,Tue,Dinner,1
19.63,2.19,No,Sat,Lunch,4
51.99,8.76,Yes,Fri,Lunch,6
23.89,10.33,No,Sun,Lunch,4
65.22,5.86,Yes,Sat,Lunch,2
30.59,5.47,Yes,Thu,Dinner,1
11.13,12.13,No,Sun,Lunch,7
46.52,1.56,No,Sat,Lunch,9
65.02,4.85,No,Sun,Dinner,6
55.99,11.88,Yes,Sat,Lunch,1
44.61,1.72,Yes,Tue,Lunch,7
55.23,7.39,No,Sun,Lunch,8
40.28,2.59,No,Sun,Lunch,5
4.65,12.56,No,Wed,Lunch,2
45.79,7.25,No,Fri,Dinner,5
19.98,10.27,Yes,Wed,Dinner,4
34.05,13.8,Yes,Thu,Dinner,2
29.93,13.97,No,Fri,Dinner,6
69.34,13.96,No,Sun,Dinner,5
51.69,3.42,Yes,Sun,Dinner,5
69.46,13.16,No,Sun,Dinner,6
46.68,12.33,Yes,Thu,Dinner,4
21.48,5.19,No,Sun,Lunch,9
60.15,4.95,No,Mon,Dinner,6
6.88,7.01,Yes,Tue,Lunch,4
7.28,13.08,Yes,Sun,Lunch,8
9.92,12.14,Yes,Mon,Lunch,1
7.78,5.22,Yes,Wed,Dinner,5
17.13,11.71,Yes,Mon,Lunch,3
56.3,9.62,Yes,Thu,Dinner,8
64.7,2.64,No,Thu,Dinner,8
13.95,7.91,No,Sat,Lunch,1
9.81,13.72,No,Sun,Dinner,9
55.89,10.94,No,Tue,Dinner,8
3.81,12.85,No,Sun,Lunch,7
37.62,3.77,No,Tue,Lunch,9
62.57,9.05,No,Sat,Lunch,1
23.04,10.98,No,Sun,Dinner,4
48.39,2.63,No,Mon,Lunch,7
36.45,12.85,Yes,Sat,Lunch,3
57.0,5.79,No,Tue,Lunch,8
33.18,7.97,No,Thu,Lunch,8
45.24,9.12,No,Sat,Lunch,3
5.52,6.49,Yes,Wed,Dinner,8
26.06,12.2,Yes,Sun,Dinner,2
29.74,1.29,Yes,Sat,Dinner,2
19.47,6.41,Yes,Sun,Lunch,9
46.9,13.72,No,Sat,Lunch,1
16.43,4.43,Yes,Sat,Lunch,4
11.42,7.28,Yes,Fri,Lunch,8
60.99,6.29,Yes,Sun,Dinner,3
28.19,3.37,Yes,Sun,Lunch,9
22.81,9.65,Yes,Thu,Lunch,9
30.32,9.92,Yes,Sun,Dinner,1
21.83,9.66,No,Sat,Lunch,4
25.44,9.35,Yes,Sat,Lunch,1
6.63,7.59,Yes,Sun,Lunch,8
54.79,1.16,No,Sun,Lunch,1
9.45,3.77,No,Sat,Dinner,6
9.24,1.32,Yes,Tue,Dinner,2
47.96,9.61,No,Sat,Lunch,6
12.08,4.94,No,Fri,Dinner,8
66.85,3.04,No,Sat,Dinner,3
25.14,0.92,Yes,Tue,Lunch,9
58.4,1.17,No,Sun,Lunch,6
21.6,12.2,No,Tue,Lunch,7
47.84,10.69,No,Sat,Dinner,2
11.15,4.83,Yes,Thu,Lunch,6
43.65,12.91,Yes,Sat,Dinner,5
5.97,2.25,Yes,Sun,Dinner,7
59.49,4.59,Yes,Sun,Dinner,7
66.99,7.84,Yes,Sat,Lunch,9
14.94,5.78,No,Mon,Lunch,7
59.71,4.75,No,Fri,Dinner,3
17.61,12.76,No,Sun,Lunch,8
21.31,1.2,Yes,Sun,Lunch,7
63.27,7.61,No,Sun,Dinner,2
11.17,7.78,No,Mon,Dinner,6
4.14,7.4,Yes,Thu,Dinner,8
6.45,4.03,Yes,Sun,Lunch,1
34.58,5.17,Yes,Sat,Lunch,3
66.99,4.69,No,Sat,Dinner,8
30.23,5.61,Yes,Sun,Dinner,1
18.32,4.87,No,Sat,Lunch,8
22.88,12.12,Yes,Wed,Dinner,7
60.6,10.44,Yes,Sat,Lunch,9
27.66,12.79,No,Sun,Lunch,9
62.04,2.43,Yes,Fri,Lunch,7
29.23,13.1,No,Thu,Lunch,9
40.77,8.06,No,Sun,Dinner,7
5.62,11.32,No,Sun,Dinner,8
66.97,6.84,No,Mon,Dinner,9
16.37,0.85,Yes,Sat,Lunch,1
27.2,12.56,No,Sat,Dinner,6
59.76,6.54,Yes,Sun,Lunch,5
45.06,5.45,Yes,Fri,Lunch,9
53.57,13.18,No,Fri,Dinner,4
35.89,4.83,No,Tue,Lunch,7
28.46,6.69,Yes,Thu,Dinner,2
59.14,10.07,Yes,Sat,Lunch,4
48.95,8.33,No,Sun,Dinner,9
48.49,11.66,Yes,Sat,Lunch,2
33.51,6.76,No,Sat,Lunch,7
21.23,9.82,No,Sat,Dinner,1
30.21,1.96,No,Sun,Lunch,6
69.78,10.84,Yes,Sun,Dinner,9
63.61,4.04,Yes,Sun,Dinner,5
31.87,1.62,Yes,Sun,Lunch,4
21.08,9.75,No,Sun,Dinner,2
69.53,13.04,Yes,Mon,Dinner,5
49.26,8.08,No,Wed,Dinner,4
37.86,4.96,Yes,Sun,Dinner,1
17.22,2.21,Yes,Sun,Dinner,8
28.0,11.01,No,Tue,Dinner,7
35.34,4.15,No,Mon,Lunch,6
59.71,7.26,No,Sat,Dinner,9
8.23,12.59,No,Sun,Lunch,5
69.44,1.71,Yes,Fri,Lunch,1
24.5,7.75,No,Tue,Dinner,7
8.88,6.16,No,Tue,Lunch,1
11.01,12.88,No,Sun,Lunch,7
58.7,5.17,No,Sat,Lunch,4
14.13,1.89,No,Sat,Lunch,6
33.28,4.64,No,Tue,Dinner,3
12.9,1.63,Yes,Sun,Dinner,4
55.12,1.55,No,Sun,Dinner,1
19.94,1.9,No,Sun,Lunch,6
34.13,8.1,No,Mon,Dinner,4
47.09,3.02,Yes,Mon,Lunch,1
52.1,3.85,No,Sun,Dinner,1
25.13,4.53,Yes,Sun,Lunch,2
18.77,7.45,Yes,Sun,Dinner,4
5.42,7.56,No,Wed,Lunch,4
8.45,8.13,No,Sat,Dinner,2
50.59,1.39,No,Wed,Lunch,5
44.24,1.65,No,Sat,Dinner,9
59.15,3.38,Yes,Sun,Dinner,3
28.37,0.89,No,Fri,Lunch,9
52.4,2.56,No,Mon,Dinner,9
28.24,7.6,Yes,Wed,Lunch,7
56.57,6.67,No,Fri,Lunch,5
43.19,3.2,No,Sat,Dinner,9
23.79,7.64,Yes,Sat,Lunch,8
59.97,1.53,No,Mon,Lunch,3
52.96,13.83,Yes,Sun,Dinner,9
7.55,8.3,Yes,Sat,Lunch,6
41.46,13.98,No,Thu,Lunch,6
11.42,8.77,No,Thu,Dinner,7
51.59,1.94,Yes,Sun,Lunch,5
62.59,12.23,No,Tue,Dinner,4
36.15,6.73,No,Sun,Dinner,2
41.0,12.39,No,Sun,Lunch,3
65.36,11.78,Yes,Sun,Lunch,3
12.37,12.32,Yes,Tue,Lunch,6
16.47,7.62,No,Tue,Dinner,2
41.07,11.7,No,Sat,Lunch,7
17.85,13.99,No,Wed,Dinner,5
11.54,6.67,Yes,Sat,Dinner,7
35.87,4.28,Yes,Sun,Dinner,4
24.54,6.75,No,Sun,Dinner,9
9.65,12.55,Yes,Sat,Lunch,2
25.04,6.06,Yes,Fri,Dinner,6
31.47,10.69,No,Sat,Dinner,1
19.9,11.35,Yes,Wed,Lunch,3
30.01,2.72,Yes,Fri,Dinner,9
49.5,2.2,No,Mon,Dinner,2
27.9,5.49,No,Sat,Dinner,4
10.17,1.99,Yes,Thu,Dinner,1
32.89,6.15,No,Tue,Dinner,4
22.08,7.56,Yes,Fri,Lunch,8
21.11,7.42,Yes,Tue,Lunch,4
29.13,7.49,Yes,Sat,Dinner,9
68.02,4.34,Yes,Thu,Dinner,3
11.23,13.14,Yes,Wed,Lunch,5
7.94,3.78,No,Tue,Dinner,7
60.8,4.66,No,Sat,Lunch,6
63.27,7.98,Yes,Sat,Dinner,4
42.62,8.19,Yes,Tue,Dinner,9
4.95,6.55,Yes,Mon,Dinner,3
17.63,4.21,Yes,Wed,Lunch,6
11.82,2.05,No,Sat,Lunch,3
39.16,1.19,Yes,Wed,Lunch,9
63.6,12.43,Yes,Sun,Lunch,9
22.39,3.87,Yes,Sat,Lunch,8
3.43,10.63,No,Mon,Lunch,3
27.63,11.36,Yes,Sat,Dinner,5
54.09,12.2,Yes,Tue,Lunch,1
24.01,13.12,Yes,Sat,Dinner,3
42.72,4.74,Yes,Sun,Dinner,3
41.46,6.6,Yes,Thu,Dinner,5
29.84,13.67,Yes,Sat,Lunch,8
42.04,4.56,No,Fri,Dinner,1
23.04,11.24,Yes,Mon,Lunch,9
13.4,10.63,Yes,Sat,Dinner,2
32.42,1.43,No,Wed,Dinner,1
29.54,13.07,Yes,Wed,Lunch,8
67.49,11.52,No,Tue,Dinner,1
7.9,4.36,Yes,Sat,Dinner,2
36.63,8.4,No,Sun,Dinner,8
48.93,13.18,No,Fri,Dinner,4
12.73,4.87,Yes,Sat,Dinner,5
59.44,7.93,Yes,Sun,Dinner,9
64.06,2.08,No,Sat,Dinner,5
60.04,11.45,Yes,Fri,Lunch,8
54.37,11.67,Yes,Sat,Lunch,4
59.94,11.54,No,Sat,Lunch,5
50.08,7.46,Yes,Fri,Dinner,9
28.43,11.29,No,Sun,Lunch,8
7.42,10.06,Yes,Sat,Dinner,2
39.79,5.66,Yes,Sun,Lunch,5
51.8,5.98,Yes,Sat,Dinner,6
19.03,9.57,Yes,Sun,Dinner,3
19.19,1.49,Yes,Sun,Lunch,4
22.94,6.66,No,Fri,Lunch,4
21.66,3.5,No,Sun,Dinner,8
19.18,9.71,No,Fri,Lunch,1
20.72,1.08,No,Mon,Dinner,1
16.8,10.28,No,Sun,Dinner,9
9.47,3.62,Yes,Sun,Dinner,5
65.05,1.73,Yes,Sat,Lunch,9
21.29,1.83,No,Sat,Lunch,6
54.76,9.52,No,Sat,Dinner,7
69.35,1.27,Yes,Tue,Lunch,7
31.3,9.22,No,Mon,Lunch,9
41.16,11.28,No,Thu,Lunch,4
9.04,9.13,No,Fri,Lunch,9
31.06,13.79,No,Sat,Lunch,2
33.02,2.64,Yes,Sat,Lunch,9
37.44,1.39,No,Sun,Lunch,3
16.99,1.78,No,Tue,Dinner,1
12.17,10.59,Yes,Sat,Dinner,4
69.28,3.21,No,Sun,Dinner,1
51.01,1.14,No,Sat,Dinner,5
38.9,6.94,Yes,Tue,Lunch,1
16.17,13.79,No,Sat,Lunch,9
26.83,13.48,No,Thu,Dinner,3
14.86,13.23,No,Tue,Dinner,6
65.46,9.25,No,Sun,Dinner,6
18.24,11.89,Yes,Sun,Dinner,9
20.73,9.57,No,Tue,Dinner,9
64.75,2.29,No,Sun,Lunch,5
59.55,6.15,Yes,Mon,Lunch,3
24.54,3.04,No,Fri,Dinner,3
57.99,12.79,Yes,Wed,Dinner,8
3.99,4.19,No,Sat,Lunch,6
60.16,12.93,No,Sun,Lunch,9
37.04,10.69,No,Thu,Lunch,8
34.06,11.18,No,Sun,Dinner,5
29.2,1.15,No,Sat,Dinner,3
7.01,3.59,Yes,Sat,Dinner,6
17.15,6.57,Yes,Thu,Lunch,5
67.87,13.83,No,Mon,Dinner,5
59.04,8.42,No,Sat,Dinner,3
19.52,9.95,No,Fri,Dinner,2
25.13,13.51,Yes,Sun,Lunch,4
65.71,6.26,Yes,Wed,Lunch,7
37.66,9.25,Yes,Mon,Lunch,6
63.37,3.16,Yes,Sat,Lunch,6
53.94,2.75,Yes,Thu,Lunch,1
52.13,5.46,No,Sun,Lunch,6
56.0,5.4,No,Mon,Lunch,2
10.5,7.56,No,Sun,Dinner,9
5.8,4.84,No,Sat,Dinner,3
19.5,8.75,No,Sun,Lunch,5
37.11,10.69,No,Mon,Lunch,5
13.55,13.02,No,Wed,Dinner,8
34.84,4.76,No,Sun,Lunch,9
5.9,1.44,Yes,Sun,Dinner,5
16.98,8.36,Yes,Sat,Lunch,4
8.62,3.63,No,Sun,Dinner,8
14.54,9.55,No,Mon,Lunch,7
7.21,2.61,Yes,Thu,Dinner,2
48.73,1.58,No,Sat,Dinner,2
69.35,3.28,Yes,Sat,Dinner,1
33.4,13.74,No,Fri,Lunch,6
53.62,12.91,No,Sun,Dinner,1
34.85,1.08,No,Wed,Dinner,8
34.86,3.38,Yes,Sun,Lunch,8
60.94,13.99,No,Sat,Lunch,8
47.07,3.3,Yes,Sun,Lunch,1
26.8,10.22,No,Sat,Dinner,5
40.6,1.79,Yes,Wed,Dinner,6
15.15,2.85,Yes,Sun,Dinner,6
20.41,8.06,No,Sun,Dinner,4
39.03,13.68,Yes,Sun,Lunch,8
23.57,5.74,No,Mon,Lunch,1
12.24,10.38,Yes,Tue,Dinner,3
4.49,4.53,No,Sun,Lunch,9
20.9,11.48,Yes,Mon,Dinner,2
49.91,4.6,No,Sun,Dinner,7
18.89,1.46,No,Sat,Lunch,6
20.59,1.66,Yes,Thu,Dinner,1
61.8,6.22,No,Fri,Dinner,6
6.51,10.48,Yes,Wed,Dinner,2
42.31,6.17,No,Mon,Lunch,8
55.61,4.44,No,Fri,Lunch,2
5.16,1.9,No,Fri,Dinner,5
59.35,2.28,No,Thu,Lunch,9
15.64,7.73,No,Tue,Dinner,2
56.76,3.43,Yes,Tue,Lunch,4
33.45,7.49,Yes,Sun,Lunch,3
67.74,5.93,No,Thu,Lunch,2
34.48,2.88,Yes,Mon,Dinner,5
28.29,7.71,Yes,Wed,Dinner,5
7.35,2.25,No,Sat,Dinner,7
47.51,1.82,No,Sun,Dinner,5
24.4,12.01,No,Sun,Lunch,2
31.07,8.72,Yes,Sun,Lunch,1
7.92,8.69,Yes,Sun,Lunch,7
20.58,12.66,Yes,Sun,Dinner,1
32.18,7.76,Yes,Sun,Lunch,1
29.6,2.59,No,Fri,Dinner,1
28.22,1.56,Yes,Sun,Lunch,9
56.02,9.87,Yes,Tue,Dinner,8
9.11,4.77,Yes,Wed,Dinner,7
25.18,7.34,Yes,Fri,Lunch,4
25.92,5.22,No,Sun,Dinner,6
58.96,6.11,Yes,Sun,Lunch,3
68.96,12.01,No,Sun,Dinner,3
35.7,2.98,Yes,Sat,Dinner,4
43.45,2.33,No,Thu,Lunch,8
59.16,11.24,No,Fri,Lunch,7
52.14,1.2,No,Sun,Lunch,8
16.71,6.17,Yes,Sun,Dinner,8
17.74,9.15,Yes,Thu,Lunch,6
7.81,7.43,Yes,Sat,Dinner,7
46.4,1.99,Yes,Mon,Lunch,5
24.29,7.03,No,Mon,Lunch,8
27.94,8.03,Yes,Sat,Lunch,9
10.27,13.67,No,Sat,Lunch,5
44.37,6.77,No,Sun,Dinner,1
20.65,0.91,Yes,Sun,Lunch,4
17.07,10.37,No,Sat,Dinner,5
37.78,3.05,Yes,Thu,Dinner,2
65.54,11.51,Yes,Thu,Dinner,9
37.13,12.93,No,Sun,Lunch,6
37.34,6.61,No,Sat,Lunch,8
14.79,3.73,Yes,Tue,Dinner,6
47.87,10.52,Yes,Thu,Dinner,8
58.49,4.3,No,Sat,Lunch,3
42.0,8.75,Yes,Sun,Lunch,9
25.28,8.58,No,Fri,Dinner,2
8.82,13.71,No,Sun,Lunch,2
40.41,2.06,Yes,Sat,Lunch,5
25.81,9.56,Yes,Sat,Dinner,3
25.95,11.24,No,Wed,Dinner,2
32.78,5.46,Yes,Sun,Dinner,6
59.38,2.98,No,Tue,Dinner,9
6.1,13.04,Yes,Mon,Dinner,6
47.38,6.18,No,Sun,Lunch,5
10.33,7.39,Yes,Mon,Dinner,2
13.15,9.33,Yes,Tue,Lunch,3
48.18,3.19,No,Wed,Lunch,5
7.9,11.73,Yes,Sun,Dinner,9
47.94,4.22,Yes,Mon,Lunch,9
30.66,2.72,Yes,Sat,Dinner,4
18.84,1.56,Yes,Thu,Lunch,7
52.38,1.62,No,Sun,Dinner,6
54.23,11.12,Yes,Sat,Dinner,3
9.93,2.59,No,Tue,Lunch,4
14.48,2.75,Yes,Thu,Dinner,7
11.7,7.7,Yes,Fri,Dinner,4
64.7,3.5,No,Sat,Lunch,5
26.6,12.19,Yes,Sun,Lunch,9
29.89,10.1,Yes,Sun,Dinner,5
4.8,5.14,No,Sat,Dinner,3
8.8,10.19,No,Sat,Lunch,2
5.1,12.04,Yes,Wed,Lunch,9
19.03,9.65,No,Wed,Lunch,2
3.42,12.51,Yes,Sat,Lunch,8
37.44,7.88,Yes,Mon,Dinner,1
19.27,1.73,Yes,Sun,Dinner,3
47.17,9.49,Yes,Thu,Dinner,5
60.96,13.13,Yes,Tue,Lunch,2
57.26,7.1,No,Fri,Dinner,4
24.0,1.03,Yes,Sun,Lunch,3
21.29,1.89,Yes,Tue,Dinner,8
28.41,8.04,No,Thu,Lunch,2
69.42,8.53,No,Sat,Dinner,6
13.98,10.33,Yes,Sun,Dinner,2
43.32,7.38,Yes,Fri,Dinner,7
37.31,7.35,Yes,Sat,Lunch,1
18.92,2.94,No,Sat,Dinner,3
15.84,5.05,No,Sun,Lunch,7
22.34,1.46,No,Wed,Lunch,1
7.3,6.41,No,Sat,Lunch,8
21.96,9.8,Yes,Mon,Lunch,1
30.97,6.31,No,Sat,Dinner,6
42.76,4.97,Yes,Sun,Dinner,9
50.94,12.26,No,Sun,Lunch,4
48.8,1.69,No,Sat,Lunch,1
33.18,9.0,No,Wed,Dinner,6
62.64,4.77,No,Sat,Lunch,8
59.51,7.21,Yes,Fri,Dinner,8
43.1,11.65,No,Tue,Dinner,1
50.06,5.01,Yes,Sun,Dinner,5
5.53,12.75,No,Sun,Dinner,7
53.16,3.12,No,Sat,Lunch,1
50.7,2.05,Yes,Fri,Dinner,3
28.15,6.42,No,Wed,Dinner,1
3.53,7.96,Yes,Sun,Dinner,4
42.68,7.72,Yes,Sat,Lunch,3
37.86,2.78,No,Wed,Dinner,4
6.61,4.03,Yes,Fri,Dinner,1
42.84,2.29,Yes,Tue,Lunch,7
23.77,13.5,No,Mon,Dinner,7
19.39,11.36,No,Sat,Dinner,6
68.39,4.82,No,Sun,Lunch,9
6.56,12.85,No,Sat,Dinner,7
30.41,2.2,Yes,Fri,Lunch,9
6.65,1.2,No,Thu,Dinner,4
39.19,4.15,Yes,Sat,Dinner,2
21.41,5.77,No,Sat,Lunch,8
13.16,6.12,No,Mon,Dinner,6
4.47,7.68,Yes,Mon,Dinner,3
47.16,3.46,No,Sat,Lunch,6
6.66,6.31,Yes,Sun,Lunch,8
56.16,8.09,Yes,Sun,Lunch,5
25.16,5.36,No,Sun,Dinner,7
69.09,4.33,No,Mon,Lunch,9
23.06,1.43,Yes,Sun,Dinner,8
64.98,9.39,Yes,Sun,Lunch,4
24.62,7.46,No,Fri,Dinner,8
8.95,13.3,Yes,Sun,Dinner,6
28.16,10.25,No,Fri,Dinner,2
44.18,2.08,Yes,Sat,Lunch,7
11.75,12.44,Yes,Thu,Dinner,4
39.44,9.5,Yes,Sun,Lunch,9
34.02,11.48,No,Wed,Lunch,6
67.03,2.16,Yes,Wed,Dinner,4
48.54,4.75,Yes,Sun,Dinner,1
12.4,4.46,Yes,Mon,Lunch,7
8.24,8.84,No,Sun,Dinner,6
7.69,6.43,No,Sat,Dinner,6
8.11,8.07,No,Thu,Dinner,8
59.34,11.26,Yes,Sun,Dinner,1
68.45,13.99,No,Mon,Lunch,8
34.88,12.78,Yes,Sat,Dinner,5
69.29,2.91,Yes,Fri,Lunch,9
